"","X","Slope","TrueID","Treatment","PropAlive","Performance","Food","dryweight","Protein","Carbs","LineWeight1","LineWeight2","Enacapsulation","PO","ProPO","Protein.1","BSA.Slope","BSA.Intercept","RealProtein","maxweight","Protein.2","RealProtein.2","Distance","PerformanceSTD","EncapsulationSTD","POSTD","RealProteinSTD","ProPOSTD"
"1",1,0.02280225,11,"Control",0.712121212,0.016237966,29.0246,6.916597214,2.144145136,2.559140969,0.704,0.87,0.166,6.67e-05,7.92e-05,0.456,-6.0537,2.8087,0.0482128,8039.2,1.0655648,1.93688371024,3.33864656162444,0.610769158573026,-0.534499292174639,-0.983003771258766,1.65622521270963,-0.882490528857127
"2",2,0.019035844,21,"Control",0.712121212,0.013555828,22.0338,5.238176042,1.623834573,1.938125136,0.687,0.867,0.18,NA,NA,NA,NA,NA,NA,8832.1,NA,NA,2.52847142820818,0.064494746172322,-0.500254135031876,NA,NA,NA
"3",3,0.022234186,12,"Control",0.712121212,0.015833436,33.258,7.93299422,2.459228208,2.935207861,0.841,0.871,0.03,0.000133,9.61e-05,0.4545,-6.0537,2.8087,0.05729335,10717.1,1.06876985,1.917481299055,3.82926214384692,0.528378025809366,-0.867166532990053,-0.880205697045543,1.61481905408546,-0.848328017484521
"4",4,0.023473408,22,"Control",0.712121212,0.016715912,18.9256,4.491928304,1.392497774,1.662013472,NA,NA,NA,NA,NA,NA,NA,NA,NA,8629.3,NA,NA,2.16825709538893,0.708113020189865,NA,NA,NA,NA
"5",5,0.018409341,32,"Control",0.712121212,0.013109682,23.8957,5.685199613,1.76241188,2.103523857,0.88,1.232,0.352,NA,NA,NA,NA,NA,NA,9139.9,NA,NA,2.74425003447814,-0.0263723695372072,-0.0795279187065004,NA,NA,NA
"6",6,0.020752579,42,"Control",0.712121212,0.014778352,20.7303,4.925218727,1.526817805,1.822330929,NA,NA,NA,NA,NA,NA,NA,NA,NA,3842.2,NA,NA,2.3774067015248,0.313487743454996,NA,NA,NA,NA
"7",7,0.022294983,13,"Control",0.712121212,0.01587673,34.8723,8.320571507,2.579377167,3.078611458,0.733,0.742,0.009,0.0003455,0.000104,0.4525,-6.0537,2.8087,0.06940075,10304.6,1.07304325,1.891611417475,4.01634598596409,0.537195769121036,-0.918534268704197,-0.550724689951878,1.55961084258656,-0.832358559505611
"8",8,0.022152318,23,"Control",0.712121212,0.015775135,13.0464,3.080391176,0.954921265,1.139744735,0.632,0.79,0.158,0.0004123,0.00021,0.5001,-2.9912,1.9203,0.42440088,6078.4,0.97133633,1.133082639704,1.48690708630681,0.516503787974708,-0.554067953399075,-0.447151366310198,-0.0591448158683406,-0.618084819535421
"9",9,0.021942857,43,"Control",0.712121212,0.015625974,24.9304,5.933620736,1.839422428,2.195439672,0.789,0.921,0.132,0.00021,0.000112,0.3723,-2.9912,1.9203,0.80667624,7028.3,1.24440659,0.316274877992,2.86416309277612,0.486123979915577,-0.617666102378493,-0.760817285063368,-1.80227207074536,-0.816186956488993
"10",10,0.016827483,83,"LowP",0.142857143,0.002403926,9.6,2.252945,0.42805955,0.83358965,0.887,0.91,0.023,0.001634,9.32e-05,0.2112,-2.9912,1.9203,1.28855856,8494,1.58862896,-0.713363075152,0.937073467201652,-2.20682712921225,-0.884289111561434,1.44709308717842,-3.99959445541427,-0.854190223578045
"11",11,0.021281615,14,"Control",0.712121212,0.015155089,25.498,6.06989582,1.881667704,2.245861453,0.9707,0.999,0.0283,6.2e-05,0.000142,0.4722,-2.9912,1.9203,0.50785536,9533.2,1.03095026,0.954765452288,2.92994317595886,0.390218241029918,-0.871324873500245,-0.99029111588625,-0.439686681369661,-0.755543445176675
"12",12,0.019844038,24,"Control",0.712121212,0.01413136,36.3316,8.670934844,2.687989802,3.208245892,NA,NA,NA,NA,NA,NA,NA,NA,NA,10295,NA,NA,4.18546662621874,0.181714070874407,NA,NA,NA,NA
"13",13,0.019204611,34,"Control",0.712121212,0.013676011,25.2575,6.012154175,1.863767794,2.224497045,NA,NA,NA,NA,NA,NA,NA,NA,NA,10604.9,NA,NA,2.90207124191763,0.0889725686056023,NA,NA,NA,NA
"14",14,0.021769046,15,"Control",0.712121212,0.015502199,28.9486,6.898350374,2.138488616,2.552389638,NA,NA,NA,NA,NA,NA,NA,NA,NA,8888.5,NA,NA,3.32983879864046,0.460914570334528,NA,NA,NA,NA
"15",15,0.024320279,25,"Control",0.712121212,0.017318986,22.445,5.33690105,1.654439326,1.974653389,NA,NA,NA,NA,NA,NA,NA,NA,NA,9825.4,NA,NA,2.5761260625413,0.830941858595698,NA,NA,NA,NA
"16",16,0.021239981,35,"Control",0.712121212,0.015125441,12.1671,2.869280039,0.889476812,1.061633614,0.748,0.827,0.079,0.000175,8.77e-05,0.492,-6.0537,2.8087,-0.1697204,5684.3,0.9886436,2.40254157868,1.3850035846381,0.384179795663253,-0.747308482990382,-0.815084745055265,2.64997301968983,-0.86530820065197
"17",17,0.023615197,45,"Control",0.712121212,0.016816883,27.0749,6.448493741,1.99903306,2.385942684,NA,NA,NA,NA,NA,NA,NA,NA,NA,9268.5,NA,NA,3.11269267135483,0.728677910473107,NA,NA,NA,NA
"18",18,0.02221346,16,"Control",0.712121212,0.015818676,26.1,6.21443,1.9264733,2.2993391,0.645,0.663,0.018,0.0004415,0.0004335,0.4865,-2.9912,1.9203,0.4650812,8891.7,1.00039545,1.04616099996,2.99970993137698,0.52537183808635,-0.896519524826707,-0.401876799688386,-0.2446419259335,-0.166290660258653
"19",19,0.022350975,46,"Control",0.712121212,0.015916603,23.0089,5.472287801,1.696409218,2.024746486,0.88,0.755,-0.125,0.00189,0.0007795,0.4585,-2.9912,1.9203,0.5488348,8424.4,1.06022305,0.86720468284,2.64147734563155,0.545316753069533,-1.2463093442135,1.84402079454773,-0.626547740773536,0.533131170210079
"20",20,0.012197127,17,"LowP",0.142857143,0.001742447,47.709,11.40253481,2.166481614,4.21893788,0.583,0.735,0.152,0.000383,0.0002625,0.5005,-2.9912,1.9203,0.4232044,8674.1,0.97048165,1.13563915852,4.74268694087001,-2.34155138726326,-0.568744449317402,-0.492580982817701,-0.0536890185134826,-0.511958674738865
"21",21,0.022582283,47,"Control",0.712121212,0.016081323,18.8199,4.466550791,1.384630745,1.652623793,0.681,0.722,0.041,NA,NA,NA,NA,NA,NA,4834,NA,NA,2.15600735184019,0.578865482184383,-0.840259623806453,NA,NA,NA
"22",22,0.013184938,18,"LowP",0.142857143,0.001883563,53.1043,12.69789239,2.412599554,4.698220183,0.483,0.956,0.473,0.000457,0.000276,0.412,-2.9912,1.9203,0.6879256,9638.3,1.1595796,0.57000937048,5.28146849805142,-2.31281011445017,0.216448082313095,-0.37784406740626,-1.26078418327574,-0.484669094648322
"23",23,0.009276719,28,"LowP",0.142857143,0.001325246,23.429,5.57314961,1.058898426,2.062065356,0.667,0.882,0.215,0.001001,0.000436,0.49876,-2.9912,1.9203,0.428409088,5313.8,0.974199508,1.1245183016704,2.31805509188213,-2.42652323849835,-0.414641242174968,0.465627310753523,-0.0774217370071138,-0.16123703431596
"24",24,0.021466889,48,"Control",0.712121212,0.015287027,25.6425,6.104588825,1.892422536,2.258697865,0.9707,1.046,0.0753,0.0002125,0.000175,0.39,-2.9912,1.9203,0.753732,5425,1.206587,0.4294008356,2.94668951539117,0.417090219065099,-0.756358988806683,-0.756941037921089,-1.56085303779291,-0.688835582733125
"25",25,0.007119748,98,"Control",0.712121212,0.005070124,16.4917,3.907573253,1.211347708,1.445802104,NA,NA,NA,NA,NA,NA,NA,NA,NA,2491.9,NA,NA,1.88618848305456,-1.6637992366154,NA,NA,NA,NA
"26",26,0.021783556,49,"Control",0.712121212,0.015512532,19.824,4.70762516,1.4593638,1.741821309,NA,NA,NA,NA,NA,NA,NA,NA,NA,5841.7,NA,NA,2.27237412703914,0.463019105411894,NA,NA,NA,NA
"27",27,0.010253067,110,"LowP",0.142857143,0.001464724,36.5517,8.723778653,1.657517944,3.227798102,0.765,0.777,0.012,0.000396,9.11e-05,0.32112,-2.9912,1.9203,0.959765856,6299,1.353762896,-0.0108317045152,3.62850469504406,-2.39811557920087,-0.911196020745034,-0.472424497677854,-2.50034134229939,-0.858435269369907
"28",28,0.008721899,310,"LowP",0.142857143,0.001245986,24.9447,5.937054023,1.128040264,2.196709989,0.883,1.012,0.129,0.000634,0.000412,0.32212,-2.9912,1.9203,0.956774656,7136.4,1.351626196,-0.00444040747520003,2.46941483209638,-2.44266622216544,-0.625004350337656,-0.103405769732948,-2.48670184891225,-0.209751843365815
"29",29,0.023418864,410,"Control",0.712121212,0.01667707,27.7242,6.604384178,2.047359095,2.443622146,NA,NA,NA,NA,NA,NA,NA,NA,NA,10988.9,NA,NA,3.18794109987949,0.700202021305218,NA,NA,NA,NA
"30",30,0.011418822,910,"Control",0.712121212,0.008131585,16.2606,3.852088454,1.194147421,1.425272728,NA,NA,NA,0.0005415,0.0002915,0.4925,-0.14,0.521,0.45205,5897.5,0.98757525,1.074004765,1.85940592993072,-1.04026763277449,NA,-0.24682691399725,-0.185221303365116,-0.453336613803624
"31",31,0.007152327,111,"LowP",0.142857143,0.001021761,52.7446,12.61153201,2.396191083,4.666266845,0.745,0.978,0.233,0.000412,0.0002543,0.6178,-2.9912,1.9203,0.07233664,7642.2,0.71984674,1.885338301312,5.24554839602066,-2.4883344093059,-0.370611754419987,-0.447616515967272,1.54622355579852,-0.528534567830898
"32",32,0.019032685,211,"LowS",0.692307692,0.013176475,27.8909,6.644407181,1.993322154,1.860434011,NA,NA,NA,NA,NA,NA,NA,NA,NA,6909.4,NA,NA,2.7266367412827,-0.0127685554055403,NA,NA,NA,NA
"33",33,0.010098203,112,"LowP",0.142857143,0.0014426,38.5661,9.207415949,1.74940903,3.406743901,0.765,0.834,0.069,0.000967,0.0003332,0.543567,-2.9912,1.9203,0.29438239,6399.6,0.8784603911,1.410893147287,3.82966525446366,-2.40262160204531,-0.771769309520927,0.412910349618536,0.533723041366703,-0.369042133079503
"34",34,0.019609724,212,"LowS",0.692307692,0.013575963,25.4905,6.068095145,1.820428544,1.699066641,NA,NA,NA,NA,NA,NA,NA,NA,NA,9836.1,NA,NA,2.49013805528308,0.0685956668906772,NA,NA,NA,NA
"35",35,0.021171833,113,"LowS",0.692307692,0.014657423,42.0354,10.04036019,3.012108056,2.811300852,NA,NA,NA,NA,NA,NA,NA,NA,NA,7835.2,NA,NA,4.12021934142784,0.288857982265526,NA,NA,NA,NA
"36",36,0.019401692,213,"LowS",0.692307692,0.013431941,27.9666,6.662581994,1.998774598,1.865522958,0.612,0.817,0.205,0.000452,0.000204,0.434,-6.0537,2.8087,0.1813942,8226.2,1.1125722,1.65231501286,2.73409506060692,0.0392625254107181,-0.439102068705513,-0.385596561690817,1.04893488622174,-0.630213521797885
"37",37,0.018729582,313,"LowS",0.692307692,0.012966634,31.2147,7.442418323,2.232725497,2.08387713,0.427,0.714,0.287,0.000454,0.000304,0.445,-6.0537,2.8087,0.1148035,10579.9,1.0890685,1.79459936155,3.05411313442887,-0.0555071352148478,-0.238523291155044,-0.382495563976994,1.35258004946569,-0.428068484090159
"38",38,0.019426941,214,"LowS",0.692307692,0.013449421,26.5629,6.325567661,1.897670298,1.771158945,0.569,0.752,0.183,0.000596,0.000504,0.4415,-2.9912,1.9203,0.5996852,9171.3,1.09654695,0.75855263316,2.5957959412028,0.0428226989471896,-0.492915887072713,-0.16232472629558,-0.858419128354986,-0.0237784086747066
"39",39,0.018336513,314,"LowS",0.692307692,0.012694509,24.6394,5.863754546,1.759126364,1.641851273,0.543,0.579,0.036,0.000446,0.0003625,0.385,-2.9912,1.9203,0.768688,9688.9,1.2172705,0.3974443504,2.40628368385184,-0.110931175467266,-0.852490037071726,-0.394899554832285,-1.62905050472863,-0.309813637031139
"40",40,0.031509535,914,"Control",0.712121212,0.022438608,27.4795,6.545634155,2.029146588,2.421884637,0.672,1.218,0.546,0.000633,0.000221,0.383,-2.9912,1.9203,0.7746704,8381.8,1.2215439,0.38466175632,3.15958242027782,1.87366169618933,0.395012115986075,-0.10495626858986,-1.65632949150292,-0.595848865387571
"41",41,0.019395153,115,"LowS",0.692307692,0.013427413,32.7382,7.808195438,2.342458631,2.186294723,0.767,1.908,1.141,0.0002625,0.0001665,0.4375,-2.9912,1.9203,0.61165,10221.1,1.10509375,0.732987445,3.20421551300221,0.0383403019683187,1.85043129455351,-0.679416095075521,-0.912977101903562,-0.706017910938282
"42",42,0.019599445,215,"LowS",0.692307692,0.013568846,28.8977,6.886129793,2.065838938,1.928116342,0.48,0.894,0.414,0.000421,0.0002625,0.6375,-2.9912,1.9203,0.01341,10032.4,0.67775375,2.011246853,2.82583140793014,0.0671461385692205,0.0721292057828792,-0.433662026255069,1.81492157552526,-0.511958674738865
"43",43,0.023703141,116,"LowS",0.692307692,0.016409867,35.7099,8.521670891,2.556501267,2.386067849,0.659,0.8,0.141,0.0002835,0.000125,0.372,-2.9912,1.9203,0.8075736,7019.5,1.2450476,0.31435748888,3.49700135947987,0.645780450969649,-0.595651358501002,-0.646855619080382,-1.8063639187615,-0.789908101586988
"44",44,0.023801867,816,"ULS",0.7,0.016661307,12.59,2.9708141,0.89124423,0.742703525,0.617,1.21,0.593,0.0005455,0.0004045,0.533,-2.9912,1.9203,0.3259904,8455,0.9010389,1.34335631232,1.1601399930852,0.696991551313491,0.509978000679637,-0.240624918569604,0.389594516568701,-0.224912721193894
"45",45,0.022759714,117,"LowS",0.692307692,0.015756725,23.3876,5.563209884,1.668962965,1.557698768,0.721,1.205,0.484,0.0008185,0.0003085,0.4115,-2.9912,1.9203,0.6894212,7576.5,1.16064795,0.56681372196,2.28295046603519,0.512754200171136,0.243354991496695,0.182661269367199,-1.26760392996931,-0.418971957393311
"46",46,0.026287957,717,"ULS",0.7,0.01840157,30.7928,7.341124352,2.202337306,1.835281088,NA,NA,NA,NA,NA,NA,NA,NA,NA,9218.5,NA,NA,2.86680070485721,1.05143310046111,NA,NA,NA,NA
"47",47,0.019078072,118,"LowS",0.692307692,0.013207896,18.9,4.485782,1.3457346,1.25601896,NA,NA,NA,NA,NA,NA,NA,NA,NA,9384,NA,NA,1.84081102819291,-0.00636900090385449,NA,NA,NA,NA
"48",48,0.02528845,718,"ULS",0.7,0.017701915,23.8919,5.684287271,1.705286181,1.421071818,NA,NA,NA,NA,NA,NA,NA,NA,NA,5285.9,NA,NA,2.21978514073398,0.908933488581249,NA,NA,NA,NA
"49",49,0.02380436,818,"ULS",0.7,0.016663052,9.3964,2.204062676,0.661218803,0.551015669,0.506,0.794,0.288,0.000183,0.00014985,0.4445,-0.053,0.26,0.2364415,11517.4,1.09013685,1.53469544695,0.860713990198992,0.697346957653374,-0.236077208501989,-0.802680754199975,0.797926165865314,-0.739675059716618
"51",51,0.023529086,719,"ULS",0.7,0.01647036,35.8093,8.545535837,2.563660751,2.136383959,0.646,1.001,0.355,5e-04,0.000313,0.438,-2.9912,1.9203,0.6101544,5262.7,1.1040254,0.73618309352,3.33713842483203,0.65810113619515,-0.0721896707473368,-0.311172616559072,-0.90615735520999,-0.409875430696463
"52",52,0.023342815,819,"ULS",0.7,0.01633997,31.04,7.4004746,2.22014238,1.85011865,NA,NA,NA,NA,NA,NA,NA,NA,NA,9130.1,NA,NA,2.88997771731027,0.631544441262627,NA,NA,NA,NA
"53",53,0.009544886,919,"Control",0.712121212,0.006797116,43.6865,10.43677279,3.235399563,3.86160593,NA,NA,NA,NA,NA,NA,NA,NA,NA,3147.4,NA,NA,5.03783789843141,-1.31206060869219,NA,NA,NA,NA
"54",54,0.023923468,820,"ULS",0.7,0.016746428,39.91,9.5300729,2.85902187,2.382518225,0.562,1.818,1.256,0.000904,0.000492,0.4,-0.053,0.26,0.2388,10179.3,1.18522,1.52965604,3.72161243892959,0.714328252205824,2.13173079965478,0.31522892163312,0.787171704393804,-0.0480358131996336
"55",55,0.023074502,421,"LowS",0.692307692,0.015974655,29.5815,7.050303335,2.115091001,1.974084934,NA,NA,NA,NA,NA,NA,NA,NA,NA,7896.3,NA,NA,2.89320259732307,0.557140276761709,NA,NA,NA,NA
"56",56,0.024551049,721,"ULS",0.7,0.017185734,33.3181,7.947423629,2.384227089,1.986855907,NA,NA,NA,NA,NA,NA,NA,NA,NA,5929.1,NA,NA,3.10356814120493,0.803802256531517,NA,NA,NA,NA
"57",57,0.022118984,821,"ULS",0.7,0.015483289,23.8552,5.675475968,1.70264279,1.418868992,0.519,1.209,0.69,0.0009785,0.000967,0.4495,-0.053,0.26,0.2361765,8000,1.07945335,1.53526167245,2.21634421667711,0.457063146903482,0.747248018025924,0.430741086473017,0.799134532322787,0.912153115912065
"58",58,0.026292274,422,"LowS",0.692307692,0.018202343,41.2106,9.842333954,2.952700186,2.755853507,NA,NA,NA,NA,NA,NA,NA,NA,NA,9243.4,NA,NA,4.03895616966174,1.0108562873518,NA,NA,NA,NA
"59",59,0.025104499,722,"ULS",0.7,0.01757315,21.3826,5.081829434,1.52454883,1.270457359,NA,NA,NA,NA,NA,NA,NA,NA,NA,5823.1,NA,NA,1.98451783466202,0.882707759438015,NA,NA,NA,NA
"60",60,0.020972495,822,"ULS",0.7,0.014680746,14.8232,3.506983088,1.052094926,0.876745772,NA,NA,NA,NA,NA,NA,NA,NA,NA,3923.7,NA,NA,1.36952067601582,0.293608206944652,NA,NA,NA,NA
"61",61,0.025993625,423,"LowS",0.692307692,0.017995586,29.8934,7.125187406,2.137556222,1.995052474,NA,NA,NA,NA,NA,NA,NA,NA,NA,8651.9,NA,NA,2.92393245069452,0.968745829692754,NA,NA,NA,NA
"62",62,-0.002934422,923,"ULS",0.7,-0.002054096,44.86,10.7185184,3.21555552,2.6796296,NA,NA,NA,NA,NA,NA,NA,NA,NA,38.85,NA,NA,4.18571524298998,-3.11479806453303,NA,NA,NA,NA
"63",63,0.020301042,724,"ULS",0.7,0.014210729,14.4512,3.417669608,1.025300882,0.854417402,NA,NA,NA,NA,NA,NA,NA,NA,NA,6059.3,NA,NA,1.33464264710461,0.197879254708286,NA,NA,NA,NA
"64",64,0.023675897,824,"ULS",0.7,0.016573128,11.7122,2.760063098,0.828018929,0.690015775,0.478,1.398,0.92,0.0006585,0.000642,0.4255,-0.053,0.26,0.2374485,8777.5,1.13073415,1.53254379005,1.07783909584462,0.67903202372353,1.30984702822846,-0.06541854773862,0.793334373326916,0.255181743361955
"65",65,0.024607866,924,"ULS",0.7,0.017225506,36.3696,8.680058264,2.604017479,2.170014566,NA,NA,NA,NA,NA,NA,NA,NA,NA,3947.8,NA,NA,3.3896711120092,0.811902669683264,NA,NA,NA,NA
"66",66,0.024366123,725,"ULS",0.7,0.017056286,22.5225,5.355508025,1.606652408,1.338877006,NA,NA,NA,NA,NA,NA,NA,NA,NA,4531.3,NA,NA,2.09139274105265,0.777437419921153,NA,NA,NA,NA
"67",67,-0.002885872,925,"ULS",0.7,-0.00202011,9.6213,2.258058917,0.677417675,0.564514729,NA,NA,NA,NA,NA,NA,NA,NA,NA,24.544,NA,NA,0.881800195997001,-3.10787609326241,NA,NA,NA,NA
"68",68,0.023851783,426,"LowS",0.692307692,0.016512773,28.0832,6.690576488,2.007172946,1.873361417,NA,NA,NA,NA,NA,NA,NA,NA,NA,8355.3,NA,NA,2.74558304078725,0.666739445131212,NA,NA,NA,NA
"69",69,0.02539167,727,"ULS",0.7,0.017774169,18.6469,4.425015221,1.327504566,1.106253805,NA,NA,NA,NA,NA,NA,NA,NA,NA,7971.8,NA,NA,1.72802368439435,0.923649551436181,NA,NA,NA,NA
"70",70,0.022546018,827,"ULS",0.7,0.015782212,18.8646,4.477282814,1.343184844,1.119320704,0.538,0.962,0.424,0.001135,0.000208,0.4205,-0.053,0.26,0.2377135,9069.3,1.14141765,1.53197756455,1.74843483251574,0.517945169445967,0.0965900323134244,0.673394157579646,0.792126006869444,-0.622127720289576
"71",71,0.01865079,927,"ULS",0.7,0.013055553,25.1206,5.979285854,1.793785756,1.494821464,NA,NA,NA,NA,NA,NA,NA,NA,NA,9289.1,NA,NA,2.33498577033428,-0.0373968908962266,NA,NA,NA,NA
"72",72,0.023422569,428,"LowS",0.692307692,0.016215625,35.517,8.47535753,2.542607259,2.373100108,NA,NA,NA,NA,NA,NA,NA,NA,NA,11431.3,NA,NA,3.47799594538422,0.606218939066258,NA,NA,NA,NA
"73",73,0.026327842,728,"ULS",0.7,0.018429489,12.8283,3.028027547,0.908408264,0.757006887,NA,NA,NA,NA,NA,NA,NA,NA,NA,10582.5,NA,NA,1.18248255846288,1.05711939822797,NA,NA,NA,NA
"74",74,0.023046035,828,"ULS",0.7,0.016132225,10.69,2.5146431,0.75439293,0.628660775,0.513,2.275,1.762,0.001175,0.0008775,0.3945,-0.053,0.26,0.2390915,10157.3,1.19697185,1.52903319195,0.981999522839795,0.589232756403688,3.36944862210036,0.735414111856101,0.785842501290584,0.73123330716365
"75",75,0.021637186,929,"ULS",0.7,0.01514603,30.4022,7.247345198,2.174203559,1.8118363,NA,NA,NA,NA,NA,NA,NA,NA,NA,3953.4,NA,NA,2.83017877420596,0.388373183131354,NA,NA,NA,NA
"76",76,0.02444409,430,"LowS",0.692307692,0.016922832,32.177,7.67345693,2.302037079,2.14856794,NA,NA,NA,NA,NA,NA,NA,NA,NA,10283.9,NA,NA,3.14892345189379,0.750256676263473,NA,NA,NA,NA
"77",77,0.025492774,730,"ULS",0.7,0.017844942,30.4081,7.248761729,2.174628519,1.812190432,NA,NA,NA,NA,NA,NA,NA,NA,NA,7472,NA,NA,2.83073194730276,0.938063977162536,NA,NA,NA,NA
"78",78,0.02353121,830,"ULS",0.7,0.016471847,12.0256,2.835307304,0.850592191,0.708826826,0.5,2.837,2.337,0.00025,0.000442,NA,NA,NA,NA,9586.2,NA,NA,1.10722289745444,0.658403995351256,4.7759461476067,-0.698797330786913,NA,-0.149108332053497
"79",79,0.009678379,930,"ULS",0.7,0.006774866,54.0796,12.93205216,3.879615649,3.233013041,NA,NA,NA,NA,NA,NA,NA,NA,NA,2053.9,NA,NA,5.0501278109808,-1.31659229411476,NA,NA,NA,NA
"80",80,0.022179862,932,"ULS",0.7,0.015525903,44.09,10.5336491,3.16009473,2.633412275,NA,NA,NA,NA,NA,NA,NA,NA,NA,1415.7,NA,NA,4.11352147346947,0.465742393761789,NA,NA,NA,NA
"82",82,0.015212744,937,"ULS",0.7,0.010648921,65.1765,15.59630689,4.678892066,3.899076721,NA,NA,NA,NA,NA,NA,NA,NA,NA,5140.7,NA,NA,6.09055253991966,-0.527558650531536,NA,NA,NA,NA
"83",83,0.017333561,941,"MP",0.55,0.009533459,19.1403,4.543475627,1.044999394,1.726520738,NA,NA,NA,0.0002875,9.165e-05,0.4935,-0.14,0.521,0.45191,4985.4,0.98543855,1.074303903,2.01814211397623,-0.754746195917089,NA,-0.640653623652737,-0.184582921085696,-0.857323471662515
"86",86,0.024094226,101,"Control",0.712121212,0.017158009,17.8274,4.228261466,1.310761054,1.564456742,0.733,0.776,0.043,0.00099,0.00109,0.4775,-0.053,0.26,0.2346925,7935.7,1.01962575,1.53843253525,2.04098491867834,0.798155470988114,-0.835367458500344,0.448571823327498,0.805901384484636,1.16079151229257
"87",87,0.023648473,102,"Control",0.712121212,0.016840579,20.5296,4.877032664,1.511880126,1.804502086,0.602,1.146,0.544,0.000754,8.735e-05,0.4775,-0.053,0.26,0.2346925,9117.2,1.01962575,1.53843253525,2.35414725405445,0.733504104530328,0.390119950679966,0.0826540930964154,0.805901384484636,-0.866015708283947
"88",88,0.021768304,103,"Control",0.712121212,0.015501671,17.0482,4.041183338,1.252766835,1.495237835,0.596,1.257,0.661,0.000854,0.000742,0.508,-0.14,0.521,0.44988,7265,0.9544564,1.078641404,1.95068216941956,0.460807031911916,0.676311621087343,0.237703978787552,-0.175326378034111,0.457326781069681
"89",89,0.023313415,104,"Control",0.712121212,0.016601978,15.7321,3.725200889,1.154812276,1.378324329,0.546,1.39,0.844,0.001625,0.0014175,0.5145,-0.053,0.26,0.2327315,7673.9,0.94056785,1.54262260395,1.79815720912094,0.684907939428748,1.12394474659632,1.43313859746622,0.814843296269936,1.82281651078537
"90",90,0.021485351,105,"Control",0.712121212,0.015300174,14.5626,3.444415634,1.067768847,1.274433785,0.714,1.412,0.698,0.00185,0.000625,0.5165,-0.14,0.521,0.44869,6797.2,0.93629445,1.081184077,1.66262196033047,0.419767885053885,0.76681667925036,1.78200084027127,-0.169900128659043,0.220817086951642
"91",91,0.023764536,106,"Control",0.712121212,0.01692323,17.6058,4.175057522,1.294267832,1.544771283,0.686,1.036,0.35,0.0002625,7.085e-05,0.4855,-0.053,0.26,0.2342685,7610.4,1.00253215,1.53933849605,2.01530333640657,0.750337737422942,-0.0844200840126094,-0.679416095075521,0.807834770816592,-0.899369639505722
"92",92,0.02132363,107,"Control",0.712121212,0.01518501,17.034,4.03777406,1.251709959,1.493976402,0.556,0.745,0.189,0.000192,5.83e-05,0.512,-0.14,0.521,0.44932,7571.5,0.9459096,1.079837956,1.94903650842991,0.396312288649183,-0.478239391154385,-0.788726264487772,-0.172772848916432,-0.924738841738041
"93",93,0.019352704,108,"Control",0.712121212,0.013781471,22.7003,5.398196027,1.673440768,1.99733253,0.793,1.208,0.415,0.0009685,0.0005755,0.2235,NA,NA,NA,10049,1.56234755,NA,2.60571319208401,0.1104517391523,0.0745752884359338,0.415236097903903,NA,0.120755293286317
"94",94,0.025046246,109,"Control",0.712121212,0.017835963,13.1203,3.098133827,0.960421486,1.146309516,0.551,NA,NA,0.00134,0.001195,0.5375,-0.053,0.26,0.2315125,6543.4,0.89142375,1.54522724125,1.49547147657272,0.936235212964369,NA,0.991246423246476,0.820401781974311,1.37304380188568
"95",95,0.021075119,1010,"Control",0.712121212,0.015008039,18.5291,4.396732619,1.362987112,1.626791069,0.847,1.069,0.222,0.000763,0.0003375,0.55,-0.14,0.521,0.444,6290.8,0.864715,1.0912052,2.12230606879787,0.36026838298998,-0.397518663603587,0.0966085828086177,-0.148514322298484,-0.36034989645807
"96",96,0.02340465,1011,"Control",0.712121212,0.016666948,14.9968,3.548662712,1.100085441,1.313005203,0.771,1.094,0.323,0.001655,0.000875,0.491,-0.053,0.26,0.233977,6466.9,0.9907803,1.5399613441,1.71294210077435,0.698140460862647,-0.150464315645081,1.47965356317356,0.809163973919813,0.726179681220957
"97",97,0.02239624,1012,"Control",0.712121212,0.015948838,18.8179,4.466070611,1.384481889,1.652446126,0.695,1.532,0.837,0.0006875,0.000836,0.468,-0.14,0.521,0.45548,8091.1,1.0399244,1.066675884,2.15577556816599,0.551882095972745,1.10682216802494,-0.0204540808881905,-0.200861669210898,0.647343116514944
"98",98,0.024008,1013,"Control",0.712121212,0.017096606,16.079,3.80848811,1.180631314,1.409140601,0.599,0.823,0.224,0.0010755,0.000888,0.503,-0.053,0.26,0.233341,7833.2,0.9651399,1.5413202853,1.83836001179965,0.785649444920611,-0.392626498297478,0.58113947559342,0.812064053417748,0.752458536122961
"99",99,0.022000844,1014,"Control",0.712121212,0.015667268,17.7576,4.211503184,1.305565987,1.558256178,0.678,1.012,0.334,0.0010405,0.001225,0.4735,-0.14,0.521,0.45471,6906.9,1.02817255,1.068321143,2.03289568416248,0.494534380717354,-0.123557406461481,0.526872015601522,-0.19735056667409,1.433687313198
"100",100,0.023387576,1015,"Control",0.712121212,0.016654789,17.4869,4.146510821,1.285418355,1.534209004,0.559,0.831,0.272,0.00119,0.00075,0.488,-0.053,0.26,0.234136,7914.7,0.9971904,1.5396216088,2.00152382332202,0.695664022073747,-0.275214530950861,0.758671594709771,0.808438954045329,0.473498384086299
"101",101,0.022897049,1016,"Control",0.712121212,0.016305474,15.6813,3.713004317,1.151031338,1.373811597,0.619,0.868,0.249,0.003725,0.00272,0.4915,-0.053,0.26,0.2339505,7354.2,0.98971195,1.54001796665,1.79226991413396,0.624518597651979,-0.331474431971115,4.68918619698008,0.80928481056556,4.4557556269285
"102",102,0.023953452,1017,"Control",0.712121212,0.017057761,15.4316,3.653053844,1.132446692,1.351629922,0.461,1.129,0.668,0.0007665,0.0005875,0.499,-0.14,0.521,0.45114,7670.8,0.9736867,1.075949162,1.7633317771388,0.7777378350222,0.693434199658725,0.102035328807808,-0.181071818548888,0.145012697811245
"103",103,0.022125857,1018,"Control",0.712121212,0.015756292,20.5824,4.889709416,1.515809919,1.809192484,0.588,1.143,0.555,0.001965,0.00199,0.496,-0.14,0.521,0.45156,8764.5,0.9800968,1.075051748,2.36026633130689,0.512666010517745,0.417026859863565,1.96030820881608,-0.182986965387147,2.9800968516621
"104",104,0.022896193,1019,"Control",0.712121212,0.016304864,17.3728,4.119116552,1.276926131,1.524073124,0.577,0.842,0.265,0.0008215,0.0003415,0.857,-0.053,0.26,0.214579,7725.9,0.2087481,1.5814090507,1.98830058877669,0.624394358186462,-0.292337109522243,0.187312765937933,0.897616398606835,-0.352264094949761
"105",105,0.022093772,1020,"Control",0.712121212,0.015733443,22.6006,5.374259054,1.666020307,1.98847585,0.695,0.714,0.019,0.0007415,0.0004955,0.473,-0.14,0.521,0.45478,9723,1.0292409,1.068171574,2.59415879802482,0.508012326013463,-0.894073442173652,0.0632728573850233,-0.1976697578138,-0.0409607368798634
"106",106,0.011767817,1021,"ULS",0.7,0.008237472,25.4357,6.054938213,1.816481464,1.513734553,NA,NA,NA,NA,NA,NA,NA,NA,NA,10005.6,NA,NA,2.36452896070268,-1.01870149460193,NA,NA,NA,NA
"107",107,0.021502995,1022,"ULS",0.7,0.015052097,20.392,4.84399628,1.453198884,1.21099907,0.764,1.44,0.676,0.001985,0.001615,0.4835,-0.14,0.521,0.45331,8130.4,1.00680555,1.071312523,1.89164101879815,0.369241731140429,0.713002860883161,1.99131818595431,-0.190966743879893,2.22205296025813
"108",108,0.0215729,1023,"ULS",0.7,0.01510103,17.3444,4.112297996,1.233689399,1.028074499,0.713,1.457,0.744,0.00055,0.0002125,0.4705,-0.14,0.521,0.45513,6806.9,1.03458265,1.067423729,1.60590370467817,0.379207976658744,0.879336481290868,-0.233647673713503,-0.199265713512349,-0.613031193592728
"109",109,0.024401094,1024,"ULS",0.7,0.017080766,24.0668,5.726279012,1.717883704,1.431569753,0.643,0.954,0.311,0.0001165,0.000133,0.5675,-0.14,0.521,0.44155,9944.3,0.82732275,1.096440115,2.23618344018849,0.782423292242253,-0.179817307481735,-0.90578892818458,-0.137342632408639,-0.77373649857037
"110",110,0.023020523,1025,"ULS",0.7,0.016114366,18.9152,4.489431368,1.34682941,1.122357842,0.637,0.77,0.133,0.001171,0.000771,0.4925,-0.053,0.26,0.2338975,7229,0.98757525,1.54013121175,1.75317899403907,0.585595391461592,-0.615220019725438,0.729212116428455,0.809526483857055,0.515948842004922
"111",111,0.021846563,1026,"ULS",0.7,0.015292594,16.7349,3.965963141,1.189788942,0.991490785,0.731,0.915,0.184,0.00129,0.0010265,0.5175,-0.14,0.521,0.44855,6932.2,0.93415775,1.081483215,1.54875811644214,0.418224056941388,-0.490469804419658,0.913721480400908,-0.169261746379623,1.03242941334816
"112",112,0.023768711,1027,"ULS",0.7,0.016638098,20.959,4.98012731,1.494038193,1.245031828,0.656,1.752,1.096,0.000821,0.0002665,0.4915,-0.14,0.521,0.45219,8456.3,0.98971195,1.073705627,1.94480188576516,0.692264545157429,1.74035757516606,0.186537516509477,-0.185859685644536,-0.503872873230556
"113",113,0.024093156,1028,"ULS",0.7,0.016865209,18.4191,4.370322719,1.311096816,1.09258068,0.531,0.799,0.268,0.00213,0.001875,0.468,-0.053,0.26,0.235196,8032.2,1.0399244,1.5373567068,1.70666558037437,0.738520527539669,-0.284998861563079,2.21614052020646,0.803605488215437,2.74763005829822
"114",114,0.022267838,1029,"ULS",0.7,0.015587486,21.6638,5.149342742,1.544802823,1.287335686,0.857,1.204,0.347,0.0002415,NA,0.4645,-0.14,0.521,0.45597,8745.8,1.04740285,1.065628901,2.01088262471927,0.478285080655182,-0.0917583319717729,-0.71197657107066,-0.203096007188867,NA
"115",115,0.023959769,1030,"ULS",0.7,0.016771839,18.0713,4.286819417,1.286045825,1.071704854,0.556,2.283,1.727,0.000442,0.000104,0.451,-0.14,0.521,0.45786,8849,1.0762483,1.061590538,1.67405649787786,0.719503742465279,3.28383572924345,-0.401101550259931,-0.211714167961033,-0.832358559505611
"116",116,0.023134541,1031,"ULS",0.7,0.016194179,11.0891,2.610463019,0.783138906,0.652615755,0.63,1.457,0.827,0.0008415,0.00171,0.501,-0.053,0.26,0.233447,7135.4,0.9694133,1.5410937951,1.01941839779607,0.601851005332667,1.08236134149439,0.21832274307616,0.811580706834759,2.41409074608047
"117",117,0.023841111,1032,"ULS",0.7,0.016688778,23.8147,5.665752323,1.699725697,1.416438081,0.612,0.655,0.043,0.002315,0.001096,0.4535,-0.053,0.26,0.2359645,8257.2,1.07090655,1.53571465285,2.21254701246077,0.702586604358137,-0.835367458500344,2.50298280873506,0.800101225488765,1.17292021455503
"118",118,0.022166337,1033,"ULS",0.7,0.015516436,24.7176,5.882529584,1.764758875,1.470632396,0.606,1.103,0.497,0.000454,0.000204,0.496,-0.14,0.521,0.45156,8572.5,0.9800968,1.075051748,2.29720123869372,0.463814237991206,0.275154065986404,-0.382495563976994,-0.182986965387147,-0.630213521797885
"119",119,0.022684742,1034,"ULS",0.7,0.015879319,25.5536,6.083244824,1.824973447,1.520811206,0.703,1.547,0.844,0.00174,0.0014775,0.4555,-0.053,0.26,0.2358585,8711.4,1.06663315,1.53594114305,2.3755830456017,0.537723074000093,1.12394474659632,1.61144596601102,0.800584572071754,1.94410353341001
"120",120,0.023010225,1035,"ULS",0.7,0.016107158,16.9569,4.019263121,1.205778936,1.00481578,0.6,NA,NA,0.001975,0.00113,0.533,-0.053,0.26,0.231751,7235.4,0.9010389,1.5447176383,1.56957242401818,0.584127329055935,NA,1.97581319738519,0.819314252162586,1.24164952737566
"121",121,0.014505401,1036,"ULS",0.7,0.010153781,35.7788,8.538213092,2.561463928,2.134553273,0.578,1.373,NA,8.315e-05,9.17e-05,0.443,-0.14,0.521,0.45898,8691.8,1.0933419,1.059197434,3.33427880203804,-0.628404435705932,NA,-0.957498065062574,-0.216821226196391,-0.857222399143661
"122",122,0.024145417,1037,"ULS",0.7,0.016901792,18.8107,4.464341963,1.339302589,1.116085491,0.694,0.985,0.291,0.0005585,0.0004125,0.459,-0.053,0.26,0.235673,8936.6,1.0591547,1.5363375009,1.74338126871973,0.74597143305939,-0.228738960542825,-0.220468433429757,0.801430428591985,-0.208741118177276
"123",123,0.018410483,1038,"ULS",0.7,0.012887338,26.0094,6.192677846,1.857803354,1.548169462,NA,NA,NA,NA,NA,NA,NA,NA,NA,6162.2,NA,NA,2.41831800745953,-0.0716574510471152,NA,NA,NA,NA
"124",124,0.02225156,1039,"ULS",0.7,0.015576092,25.0717,5.967545453,1.790263636,1.491886363,0.665,0.974,0.309,0.0007585,0.000108,0.4555,-0.14,0.521,0.45723,8022.1,1.06663315,1.062936659,2.33040099692935,0.475964450376317,-0.184709472787844,0.0896313379525165,-0.208841447703644,-0.824272757997302
"125",125,0.021998493,1040,"ULS",0.7,0.015398945,29.6337,7.062836033,2.11885081,1.765709008,0.817,0.982,0.165,0.00035,0.0001915,0.477,-0.14,0.521,0.45422,9534.6,1.0206941,1.069368126,2.75812564180278,0.439884698576243,-0.536945374827694,-0.543747445095776,-0.195116228696121,-0.65548165151135
"126",126,0.013979372,1041,"MP",0.55,0.007688654,12.8458,3.032229122,0.697412698,1.152247066,0.759,0.924,0.165,6.675e-05,0.0008675,0.3115,-0.14,0.521,0.47739,3858.5,1.37431795,1.019860787,1.34686961968754,-1.13047994539936,-0.536945374827694,-0.982926246315921,-0.300768495940079,0.711018803392877
"127",127,0.014201348,1042,"MP",0.55,0.007810741,27.3317,6.510148853,1.497334236,2.473856564,0.438,0.618,0.18,0.000242,0.000475,0.4,-0.14,0.521,0.465,6578,1.18522,1.0463345,2.89170816534857,-1.10561433289666,-0.500254135031876,-0.711201321642204,-0.244271664211437,-0.0824004696099471
"128",128,0.01222758,1043,"MP",0.55,0.006725169,30.8667,7.358867003,1.692539411,2.796369461,0.763,0.905,0.142,0.00022085,0.0002335,0.6,-0.14,0.521,0.437,8133.1,0.75788,1.1061621,3.26869573686534,-1.32671414447185,-0.593205275847947,-0.743994372465879,-0.116595208327499,-0.570580735674105
"129",129,0.012851484,1045,"MP",0.55,0.007068316,32.2163,7.682892467,1.767065267,2.919499137,NA,NA,NA,NA,NA,NA,NA,NA,NA,7937.5,NA,NA,3.41262287233464,-1.25682496435059,NA,NA,NA,NA
"130",130,0.014952793,1046,"MP",0.55,0.008224036,30.6728,7.312313552,1.681832117,2.77867915,NA,NA,NA,NA,NA,NA,NA,NA,NA,6886.6,NA,NA,3.2480174088846,-1.02143802158339,NA,NA,NA,NA
"131",131,0.014083254,1047,"MP",0.55,0.00774579,40.0325,9.559483925,2.198681303,3.632603892,0.758,0.862,0.104,2.5e-05,3e-04,0.419,-0.14,0.521,0.46234,7065.6,1.1446227,1.052018122,4.24617598650072,-1.11884298457672,-0.686156416664019,-1.04765957359197,-0.232142400902463,-0.436154285598468
"132",132,0.014476901,1048,"MP",0.55,0.007962295,30.1346,7.183097114,1.652112336,2.729576903,0.597,1.303,0.706,0.000233,7.5e-05,0.47,-0.14,0.521,0.4552,7655.9,1.035651,1.06727416,3.19062145046297,-1.07474713952444,0.786385340474796,-0.725155811354406,-0.199584904652059,-0.890980620440851
"133",133,0.016825574,1049,"MP",0.55,0.009254066,12.7151,3.000849359,0.690195353,1.140322756,0.636,0.929,0.293,0.00014585,0.000217,0.294,-0.14,0.521,0.47984,3423.7,1.4117102,1.014625872,1.3329312109611,-0.811650518850461,-0.223846795236716,-0.860281786734232,-0.311940185829924,-0.60393466689588
"134",134,0.014304253,1050,"MP",0.55,0.007867339,34.4506,8.219325554,1.890444877,3.123343711,0.815,1.133,0.318,6.67e-05,6.67e-05,0.3675,-0.14,0.521,0.46955,9914.8,1.25466275,1.036612515,3.65089821414112,-1.09408694720918,-0.162694728910354,-0.983003771258766,-0.265019088292577,-0.907758658570592
"135",135,0.013240431,1051,"MP",0.55,0.007282237,17.7549,4.210854941,0.968496636,1.600124878,0.614,0.677,0.063,0.0001875,0.0003795,0.2525,-0.14,0.521,0.48565,9335.4,1.50038325,1.002211645,1.87039711268432,-1.2132554058211,-0.786445805439254,-0.795703509343873,-0.338433050425842,-0.275448980620825
"136",136,0.012353297,1052,"MP",0.55,0.006794313,15.73,3.7246967,0.856680241,1.415384746,0.599,0.604,0.005,0.000267,0.0006425,0.603,-0.14,0.521,0.43658,5291.9,0.7514699,1.107059514,1.65445308622798,-1.3126314992198,-0.928318599316415,-0.67243885021942,-0.11468006148924,0.256192468550494
"137",137,0.012613201,1053,"MP",0.55,0.006937261,28.1707,6.711584363,1.543664403,2.550402058,0.714,0.926,0.212,0.0004625,0.000571,0.249,-0.14,0.521,0.48614,6643.6,1.5078617,1.001164662,2.98118272612398,-1.28351710066766,-0.421979490134132,-0.369316323693248,-0.34066738840381,0.11165876658947
"138",138,0.011739346,1054,"MP",0.55,0.00645664,22.4156,5.329842404,1.225863753,2.025340114,0.555,0.74,0.185,9.15e-05,0.0005335,0.2795,-0.14,0.521,0.48187,5587,1.44269235,1.010288371,2.36743416345561,-1.38140578289148,-0.488023721766604,-0.944551399607365,-0.32119672888151,0.0358543774490726
"139",139,0.014551821,1055,"MP",0.55,0.008003501,33.8253,8.069197277,1.855915374,3.066294965,0.695,0.9,0.205,0.0002125,0.0004585,0.3595,-0.14,0.521,0.47067,8593.6,1.27175635,1.034219411,3.58421353825828,-1.0663546617931,-0.439102068705513,-0.756941037921089,-0.270126146527934,-0.115754400831722
"140",140,0.013011825,1056,"MP",0.55,0.007156504,27.0554,6.443811986,1.482076757,2.448648555,0.57,0.8,0.23,7.5e-05,0.0004255,0.5905,-0.14,0.521,0.43833,NA,0.77817865,1.103320289,2.86224234815,-1.23886360371934,-0.37795000237915,-0.970134630746402,-0.122659839981986,-0.182462263275272
"141",141,0.013815765,1057,"MP",0.55,0.007598671,23.8584,5.676244256,1.305536179,2.156972817,0.514,0.883,0.369,9.15e-05,0.0001835,0.2865,-0.14,0.521,0.48089,5749.9,1.42773545,1.012382337,2.52130054693105,-1.14880689593324,-0.0379445136045737,-0.944551399607365,-0.316728052925572,-0.671653254527969
"142",142,0.011513468,1058,"MP",0.55,0.006332407,23.9443,5.696867987,1.310279637,2.164809835,0.395,NA,NA,0.0001795,8.75e-05,0.264,-0.14,0.521,0.48404,5884.6,1.4758112,1.005651732,2.53046129171137,-1.4067084739073,NA,-0.808107500199164,-0.331091654212515,-0.865712490727385
"143",143,0.016833183,1059,"MP",0.55,0.009258251,13.3888,3.162597992,0.727397538,1.201787237,0.975,1.334,0.359,6.665e-05,0.000404,0.299,-0.14,0.521,0.47914,3274.6,1.4010267,1.016121562,1.40477747038617,-0.810798154648508,-0.0624053401351188,-0.983081296201612,-0.308748274432826,-0.225923446382433
"144",144,0.015059267,1060,"MP",0.55,0.008282597,22.3692,5.318702228,1.223301512,2.021106847,0.813,NA,NA,8.34e-05,0.0004835,0.189,-0.14,0.521,0.49454,11237.9,1.6360637,0.983216382,2.36248586794752,-1.00951082922245,NA,-0.957110440348347,-0.378970325168992,-0.0652181414047904
